help, 2023/05/19 16:50:57
exit, 2023/05/19 16:51:00
createcustomer, 2023/05/19 16:52:27
createCustomer, 2023/05/19 16:53:43
readCustomers, 2023/05/19 16:53:51
getCustomer, 2023/05/19 16:54:16
, 2023/05/19 16:54:16
getCustomer 0, 2023/05/19 16:54:35
readCustomers, 2023/05/19 16:54:49
readCards, 2023/05/19 16:54:52
help, 2023/05/19 17:07:24
readCustomer, 2023/05/19 17:07:29
read, 2023/05/19 17:07:33
readCustomers, 2023/05/19 17:07:36
de, 2023/05/19 17:08:13
help, 2023/05/19 17:08:14
deleteCustomer, 2023/05/19 17:08:21
, 2023/05/19 17:08:21
readCustomers, 2023/05/19 17:08:41
readCustomers, 2023/05/20 18:15:05
readCustomers, 2023/05/20 18:15:13
getCustomer, 2023/05/20 18:15:19
, 2023/05/20 18:15:19
, 2023/05/20 18:15:36
deleteCustomer, 2023/05/20 18:15:52
-, 2023/05/20 18:15:52
deleteCustomer 0, 2023/05/20 18:15:58
deleteCustomer, 2023/05/20 18:16:03
, 2023/05/20 18:16:03
help, 2023/05/20 18:16:09
exit, 2023/05/20 18:16:14
help, 2023/05/20 19:43:21
createCustomer, 2023/05/20 19:43:52
readCustomers, 2023/05/20 19:51:47
getCustomer, 2023/05/20 19:51:51
, 2023/05/20 19:51:51
createCustomer, 2023/05/20 19:52:32
getCustomer, 2023/05/20 19:52:37
, 2023/05/20 19:52:37
readCustomers, 2023/05/20 19:52:42
getCustomer, 20-05-2023 19:55:13
, 20-05-2023 19:55:13
help, 20-05-2023 19:55:25
createAccount, 20-05-2023 19:56:00
0, 20-05-2023 19:56:00
getAccount, 20-05-2023 19:56:17
, 20-05-2023 19:56:17
getAccount, 20-05-2023 19:56:23
, 20-05-2023 19:56:23
createAccount, 20-05-2023 19:57:44
getAccount, 20-05-2023 19:58:33
, 20-05-2023 19:58:33
getAccount, 20-05-2023 19:58:36
, 20-05-2023 19:58:36
createAccount, 20-05-2023 19:59:40
createAccount, 20-05-2023 20:02:34
readAccounts, 20-05-2023 20:02:41
getAccounts, 20-05-2023 20:05:00
readAccounts, 20-05-2023 20:05:06
readCustomres, 20-05-2023 20:05:13
readCustomers, 20-05-2023 20:05:15
readAccounts, 20-05-2023 20:05:18
createAccount, 20-05-2023 20:05:38
createAccount, 20-05-2023 20:08:38
readAccounts, 20-05-2023 20:08:41
getBalance, 20-05-2023 20:08:48
, 20-05-2023 20:08:48
getBalance, 20-05-2023 20:08:52
, 20-05-2023 20:08:52
readAccounts, 20-05-2023 20:12:01
getAccount, 20-05-2023 20:12:06
, 20-05-2023 20:12:06
getAccount, 20-05-2023 20:12:10
, 20-05-2023 20:12:10
getBalance, 20-05-2023 20:12:16
, 20-05-2023 20:12:16
readCustomers, 20-05-2023 20:28:19
createCustomer, 20-05-2023 20:28:52
readAccounts, 20-05-2023 20:29:00
readCustomers, 20-05-2023 20:29:04
getCustomer, 20-05-2023 20:29:08
, 20-05-2023 20:29:08
readCustomers, 2023-05-20 20:35:01
createCustomer, 2023-05-20 20:35:39
readCustomers, 2023-05-20 20:35:43
getCustomer, 2023-05-20 20:35:47
, 2023-05-20 20:35:47
getCustomer, 2023-05-20 20:36:56
, 2023-05-20 20:36:56
help, 2023-05-24 14:20:32
createCustomer, 2023-05-24 14:21:11
readCustomers, 2023-05-24 14:21:18
getCustomer 1, 2023-05-24 14:21:21
getCustomer 0, 2023-05-24 14:21:26
getCustomer 1, 2023-05-24 14:21:30
createAccount, 2023-05-24 14:22:14
readAccounts, 2023-05-24 14:22:18
readCustomers, 2023-05-24 14:22:24
help, 2023-05-24 14:23:26
deposit, 2023-05-24 14:23:44
, 2023-05-24 14:23:44
readCustomers, 2023-05-24 14:23:48
readAccounts, 2023-05-24 14:23:58
withdraw, 2023-05-24 14:24:10
withdraw 1 100, 2023-05-24 14:24:10
withdraw, 2023-05-24 14:24:16
, 2023-05-24 14:24:16
readAccounts, 2023-05-24 14:24:20
updateAccount, 2023-05-24 14:25:05
cont_2 1000, 2023-05-24 14:25:05
readCustomers, 2023-05-25 12:30:06
getCustomer, 2023-05-25 12:30:15
, 2023-05-25 12:30:15
readAccounts, 2023-05-25 12:30:26
readAccounts, 2023-05-25 12:34:16
getAccount, 2023-05-25 12:34:18
, 2023-05-25 12:34:18
getCustomer, 2023-05-25 12:35:40
, 2023-05-25 12:35:40
readCustomers, 2023-05-25 12:35:49
getAccounts, 2023-05-25 12:49:57
getAccounts, 2023-05-25 12:50:44
, 2023-05-25 12:50:44
createAccount, 2023-05-25 12:53:00
readAccounts, 2023-05-25 12:53:04
getCustomer, 2023-05-25 12:53:09
, 2023-05-25 12:53:09
getAccounts, 2023-05-25 12:53:18
, 2023-05-25 12:53:18
createCustomer, 2023-05-25 12:55:51
readCustomers, 2023-05-25 12:55:55
getCustomer, 2023-05-25 12:55:59
, 2023-05-25 12:55:59
getBalance, 2023-05-25 14:18:45
, 2023-05-25 14:18:46
transfer, 2023-05-25 14:18:54
 100, 2023-05-25 14:18:54
deposit, 2023-05-25 14:19:02
, 2023-05-25 14:19:02
getBalance 1, 2023-05-25 14:19:11
getBalance, 2023-05-25 14:19:15
, 2023-05-25 14:19:15
withdraw, 2023-05-25 14:19:24
, 2023-05-25 14:19:24
getBalance 1, 2023-05-25 14:19:30
getBalance, 2023-05-25 14:19:33
, 2023-05-25 14:19:33
readCustomers, 2023-05-25 21:05:18
getCustomer, 2023-05-25 21:06:30
, 2023-05-25 21:06:30
getCustomer, 2023-05-25 21:06:33
, 2023-05-25 21:06:33
getCustomer, 2023-05-25 21:06:36
, 2023-05-25 21:06:36
readAccounts, 2023-05-25 21:06:40
getAccount, 2023-05-25 21:06:52
, 2023-05-25 21:06:52
getAccount, 2023-05-25 21:06:55
, 2023-05-25 21:06:55
getAccount, 2023-05-25 21:06:59
, 2023-05-25 21:06:59
readAccounts, 2023-05-25 21:12:01
getAccount, 2023-05-25 21:12:05
, 2023-05-25 21:12:05
getAccount, 2023-05-25 21:12:07
, 2023-05-25 21:12:07
readCustomers, 2023-05-25 21:12:13
getCustomer, 2023-05-25 21:12:16
, 2023-05-25 21:12:16
getCustomer, 2023-05-25 21:12:19
, 2023-05-25 21:12:19
getCustomer, 2023-05-25 21:12:21
, 2023-05-25 21:12:21
readCustomers, 2023-05-25 21:12:55
readCustomers, 2023-05-25 21:15:01
getCustomer, 2023-05-25 21:15:05
, 2023-05-25 21:15:05
getCustomer, 2023-05-25 21:15:08
, 2023-05-25 21:15:08
getCustomer, 2023-05-25 21:15:13
, 2023-05-25 21:15:13
createAccount, 2023-05-25 21:16:07
readCustomers, 2023-05-25 21:17:45
createAccount, 2023-05-25 21:18:13
readAccounts, 2023-05-25 21:18:22
readCards, 2023-05-25 21:18:28
createCard, 2023-05-25 21:22:15
 1235432, 2023-05-25 21:22:15
readCards, 2023-05-25 21:22:20
createCard, 2023-05-25 21:22:32
readCards, 2023-05-25 21:22:40
readTransaction, 2023-05-25 21:23:29
readTransactions, 2023-05-25 21:23:33
createTransaction, 2023-05-25 21:23:53
readTransactions, 2023-05-25 21:23:59
readTransactions, 2023-05-25 21:24:41
adTransactions, 2023-05-25 21:24:59
readTransactions, 2023-05-25 21:25:02
readCards, 2023-05-25 21:25:04
help, 2023-05-25 22:39:15
readCustomers, 2023-05-25 22:39:19
createCustomer, 2023-05-25 22:39:34
readAccounts, 2023-05-25 22:40:53
createCustomer, 2023-05-25 22:41:17
createCustomer, 2023-05-25 22:41:54
readCustomers, 2023-05-25 22:41:58
getCustomer, 2023-05-25 22:42:02
, 2023-05-25 22:42:02
readCustomers, 2023-05-25 22:42:22
getCustomer, 2023-05-25 22:42:25
, 2023-05-25 22:42:25
getCustomer 2, 2023-05-25 22:42:28
getCustomer, 2023-05-25 22:42:32
, 2023-05-25 22:42:32
getCustomer, 2023-05-25 22:42:36
, 2023-05-25 22:42:36
getCustomer, 2023-05-25 22:42:40
, 2023-05-25 22:42:40
readCustomers, 2023-05-25 22:51:50
getCustomer , 2023-05-25 22:51:56
getCustomer, 2023-05-25 22:52:04
, 2023-05-25 22:52:04
getCustomer, 2023-05-25 22:52:14
, 2023-05-25 22:52:14
updateCustomer, 2023-05-25 22:52:32
, 2023-05-25 22:52:32
updateCustomer, 2023-05-25 22:53:49
updateCustpmer, 2023-05-25 22:55:23
readCustom, 2023-05-25 23:19:00
readCustomers, 2023-05-25 23:19:02
updateCustomer, 2023-05-25 23:19:29
readCustomers, 2023-05-26 00:05:28
updateCustomer, 2023-05-26 00:05:43
updateCustomer, 2023-05-26 00:06:26
readCustomers, 2023-05-26 00:06:32
deleteCustomer, 2023-05-26 00:06:45
, 2023-05-26 00:06:45
readCustomers, 2023-05-26 00:06:49
readCustomers, 2023-05-26 00:10:22
createCustomer, 2023-05-26 00:10:35
createCustomer, 2023-05-26 00:11:02
readCustomers, 2023-05-26 00:11:20
deleteCustomer, 2023-05-26 00:11:51
, 2023-05-26 00:11:51
getCustomer, 2023-05-26 00:11:57
, 2023-05-26 00:11:57
createCustomer, 2023-05-26 00:12:59
deleteCustomer, 2023-05-26 00:13:28
, 2023-05-26 00:13:28
readCustomers, 2023-05-26 00:18:42
createCustomer, 2023-05-26 00:19:06
readCustomers, 2023-05-26 00:22:26
createCustomer, 2023-05-26 00:22:45
createCustomer, 2023-05-26 00:25:13
deleteCustomer, 2023-05-26 00:26:14
, 2023-05-26 00:26:14
createCustomer, 2023-05-26 10:00:34
readCustomers, 2023-05-26 10:00:40
getCustomer, 2023-05-26 10:00:43
updateCustomer, 2023-05-26 10:01:42
getCustomer, 2023-05-26 10:01:46
deleteCustomer, 2023-05-26 10:02:02
readCustomers, 2023-05-26 10:02:05
getCustomer, 2023-05-26 10:02:08
createCustomer, 2023-05-26 10:08:26
createAccount, 2023-05-26 10:08:54
readCustomers, 2023-05-26 10:08:57
createAccount, 2023-05-26 10:09:27
createAccount, 2023-05-26 10:15:44
readAccounts, 2023-05-26 10:15:57
getAccount, 2023-05-26 10:16:00
updateAccount, 2023-05-26 10:16:21
updateAccount, 2023-05-26 10:17:53
readCustomersd, 2023-05-26 10:28:15
readCustomers, 2023-05-26 10:28:19
readAccounts, 2023-05-26 10:28:21
updateAccount, 2023-05-26 10:31:37
getAccount, 2023-05-26 10:31:53
updateAccount, 2023-05-26 10:34:47
getAccount, 2023-05-26 10:34:52
deposit, 2023-05-26 10:35:02
getBalance, 2023-05-26 10:35:07
withdraw, 2023-05-26 10:35:14
getBalance, 2023-05-26 10:35:17
createCard, 2023-05-26 11:39:26
createCard, 2023-05-26 11:39:30
readCards, 2023-05-26 11:39:37
updateCard, 2023-05-26 11:39:51
deleteCard, 2023-05-26 11:40:02
readCards, 2023-05-26 11:40:05
createTransaction, 2023-05-26 11:41:57
readTransactions, 2023-05-26 11:42:03
getTransaction, 2023-05-26 11:42:06
updateTransaction, 2023-05-26 11:42:38
getTransaction, 2023-05-26 11:42:42
readTransaction, 2023-05-26 11:42:50
readTransactions, 2023-05-26 11:42:54
deleteTransaction, 2023-05-26 11:43:04
readTransactions, 2023-05-26 11:43:07
getTransaction, 2023-05-26 11:43:13
readAccounts, 2023-05-26 11:43:30
getAccount, 2023-05-26 11:43:35
deleteAccount, 2023-05-26 11:43:41
readAccounts, 2023-05-26 11:43:49
getAccount, 2023-05-26 11:43:52
readCustomers, 2023-05-26 11:43:55
createAccount, 2023-05-26 11:44:08
deleteCustomer, 2023-05-26 11:44:23
getCustomer, 2023-05-26 11:44:41
createCustomer, 2023-05-26 11:53:11
createAccount, 2023-05-26 11:53:39
readAccounts, 2023-05-26 11:53:43
readCustomers, 2023-05-26 11:53:45
deleteCustomer, 2023-05-26 11:53:48
readCustomers, 2023-05-26 11:53:54
readAccounts, 2023-05-26 11:53:56
getCustomer, 2023-05-26 11:54:11
createCustomer, 2023-05-26 11:59:30
readCustomers, 2023-05-26 11:59:38
getCustomer, 2023-05-26 11:59:42
createAccount, 2023-05-26 12:00:11
readAccounts, 2023-05-26 12:00:14
getAccount, 2023-05-26 12:00:16
deleteCustomer, 2023-05-26 12:00:20
readAccounts, 2023-05-26 12:00:22
readCustomers, 2023-05-26 12:00:27
createCustomer, 2023-05-26 12:02:15
readCustomers, 2023-05-26 12:02:19
createAccount, 2023-05-26 12:02:34
getCustomer, 2023-05-26 12:02:55
readCustomer, 2023-05-26 12:02:59
readCustomers, 2023-05-26 12:03:01
readAccounts, 2023-05-26 12:03:06
createAccount, 2023-05-26 12:03:17
readAccounts, 2023-05-26 12:03:19
getAccounts, 2023-05-26 12:03:23
deleteCustomer, 2023-05-26 12:03:29
readCustomers, 2023-05-26 12:03:34
readAccounts, 2023-05-26 12:03:36
getAccount, 2023-05-26 12:03:43
getAccount, 2023-05-26 12:03:46
getAccounts, 2023-05-26 12:03:52
readAccounts, 2023-05-26 12:03:55
readAccounts, 2023-05-26 12:08:05
getAccount, 2023-05-26 12:08:07
readCustomers, 2023-05-26 12:09:35
readAccounts, 2023-05-26 12:09:36
createCustomer, 2023-05-26 12:10:02
createAccount, 2023-05-26 12:10:12
createAccount, 2023-05-26 12:10:22
getAccounts, 2023-05-26 12:10:27
readAccounts, 2023-05-26 12:10:29
createAccount, 2023-05-26 12:10:44
getAccounts, 2023-05-26 12:10:47
readAccounts, 2023-05-26 12:10:51
updateAccount, 2023-05-26 12:11:23
readAccounts, 2023-05-26 12:11:28
getAccounts, 2023-05-26 12:11:32
deleteCustomer, 2023-05-26 12:11:40
readAccounts, 2023-05-26 12:11:58
readCustomers, 2023-05-26 12:12:00
createCustomer, 2023-05-26 12:13:58
createCustomer, 2023-05-26 12:14:05
1234567890, 2023-05-26 12:14:07
createCustomer, 2023-05-26 12:14:25
createAccount, 2023-05-26 12:14:34
readCustomers, 2023-05-26 12:14:38
createAccount, 2023-05-26 12:14:47
createAccount, 2023-05-26 12:14:53
createAccount, 2023-05-26 12:14:58
withdraw, 2023-05-26 12:15:05
getAcocunts, 2023-05-26 12:15:19
getAccounts, 2023-05-26 12:15:22
transfer, 2023-05-26 12:15:29
deleteCustomer, 2023-05-26 12:15:36
readAccounts, 2023-05-26 12:15:40
readCustomers, 2023-05-26 12:15:42
getCustomer, 2023-05-26 12:15:45
getAccount, 2023-05-26 12:15:50
createCard, 2023-05-26 13:41:35
createCard, 2023-05-26 13:41:41
readCards, 2023-05-26 13:41:52
readCards, 2023-05-26 13:42:06
readTransactions, 2023-05-26 13:42:12
createTransaction, 2023-05-26 13:42:19
readTransactoins, 2023-05-26 13:42:25
readTransactions, 2023-05-26 13:42:28
getTransaction, 2023-05-26 13:42:30
updateTransaction, 2023-05-26 13:42:49
readTransactions, 2023-05-26 13:42:55
getTransaction, 2023-05-26 13:42:59
deleteTransaction, 2023-05-26 13:43:03
readTransactions, 2023-05-26 13:43:06
createCard, 2023-05-26 15:50:45
createCard, 2023-05-26 15:50:49
createCard, 2023-05-26 15:50:54
createCard, 2023-05-26 15:54:05
readCards, 2023-05-26 15:56:18
createCard, 2023-05-26 15:56:24
readCards, 2023-05-26 15:56:36
readCards, 2023-05-26 15:57:48
createCard, 2023-05-26 15:57:53
createCard, 2023-05-26 15:58:03
readCards, 2023-05-26 15:58:12
readCustomers, 2023-05-26 15:58:23
createCard, 2023-05-26 15:59:33
createCard, 2023-05-26 15:59:45
readCards, 2023-05-26 16:01:30
readCards, 2023-05-26 16:01:44
readCards, 2023-05-26 16:07:01
getCard 1, 2023-05-26 16:09:22
getCard, 2023-05-26 16:09:24
getCard, 2023-05-26 16:09:27
updateCard, 2023-05-26 16:09:39
readCards, 2023-05-26 16:12:54
getCard, 2023-05-26 16:13:07
getCard, 2023-05-26 16:13:10
readCards, 2023-05-26 16:13:18
readCards, 2023-05-26 16:15:17
getCard, 2023-05-26 16:15:22
readCards, 2023-05-26 16:16:45
readCards, 2023-05-26 16:18:16
getCard, 2023-05-26 16:18:21
getCard, 2023-05-26 16:18:23
updateCard, 2023-05-26 16:20:50
readCards, 2023-05-26 16:20:54
getCard, 2023-05-26 16:21:00
getCard, 2023-05-26 16:21:12
readCards, 2023-05-26 16:22:51
getCard, 2023-05-26 16:22:55
updateCard, 2023-05-26 16:23:10
readCards, 2023-05-26 16:23:12
getCard, 2023-05-26 16:23:20
readCards, 2023-05-26 16:24:49
updateCard, 2023-05-26 16:25:00
readCards, 2023-05-26 16:25:03
updateCard, 2023-05-26 16:25:14
getCard, 2023-05-26 16:25:35
getCard, 2023-05-26 16:25:37
readCards, 2023-05-26 16:25:42
updateCard, 2023-05-26 16:25:54
readCards, 2023-05-26 16:25:58
getCard, 2023-05-26 16:26:05
updateCard, 2023-05-26 16:26:13
updateCard, 2023-05-26 16:26:26
readCards, 2023-05-26 16:26:29
getCard, 2023-05-26 16:26:35
updateCard, 2023-05-26 16:26:45
getCard, 2023-05-26 16:26:48
readCards, 2023-05-26 16:27:22
getCard, 2023-05-26 16:27:27
updateCard, 2023-05-26 16:27:38
readCards, 2023-05-26 16:28:33
updateCard, 2023-05-26 16:28:46
readCards, 2023-05-26 16:29:10
getCard, 2023-05-26 16:29:23
ead, 2023-05-26 16:38:18
readCards, 2023-05-26 16:38:19
updateCard, 2023-05-26 16:38:33
readCards, 2023-05-26 16:38:43
updateCard, 2023-05-26 16:38:54
readCards, 2023-05-26 16:39:06
deleteCard, 2023-05-26 16:39:22
deleteCard, 2023-05-26 16:39:28
readCards, 2023-05-26 17:20:23
createCard, 2023-05-26 17:20:32
readCards, 2023-05-26 17:20:37
createCard, 2023-05-26 17:20:48
readCards, 2023-05-26 17:20:53
updateCard, 2023-05-26 17:21:07
updateCard, 2023-05-26 17:21:17
deleteCard, 2023-05-26 17:21:23
deleteCard, 2023-05-26 17:21:28
quit, 2023-05-26 17:21:38
exit, 2023-05-26 17:21:39
createCustomer, 2023-05-26 17:49:50
readCards, 2023-05-26 17:49:53
readCustomers, 2023-05-26 17:49:57
deleteCustomer, 2023-05-26 17:51:52
exit, 2023-05-26 18:00:19
readCustomers, 2023-05-28 19:30:57
readAccounts, 2023-05-28 19:31:00
readTransactions, 2023-05-28 19:31:04
raedCards, 2023-05-28 19:31:08
readCards, 2023-05-28 19:31:35
readAccounts, 2023-05-28 19:31:38
readTransacrtions, 2023-05-28 19:31:40
readTransactions, 2023-05-28 19:31:42
rss, 2023-05-28 19:31:46
dsa, 2023-05-28 19:32:13
help, 2023-05-28 19:32:17
readCards, 2023-05-28 19:32:23
createCustomer, 2023-05-28 19:32:34
createCustomer, 2023-05-28 19:34:53
readCustomers, 2023-05-28 19:34:57
deleteCustomer, 2023-05-28 19:35:03
ele, 2023-05-28 19:35:58
deleteCustomer, 2023-05-28 19:36:02
createCustomer, 2023-05-28 19:41:36
createCustomer, 2023-05-28 19:43:36
readCustomers, 2023-05-28 19:43:39
getCustomer, 2023-05-28 19:43:44
createAccount, 2023-05-28 19:44:14
readCustomers, 2023-05-28 19:44:16
getAccounts, 2023-05-28 19:45:12
createTransaction, 2023-05-28 19:45:54
readTransactions, 2023-05-28 19:45:57
readCards, 2023-05-28 19:46:06
createCard, 2023-05-28 19:46:12
createCard, 2023-05-28 19:46:21
readCards, 2023-05-28 19:46:28
getCard, 2023-05-28 19:46:30
readCards, 2023-05-28 19:49:07
getCard, 2023-05-28 19:49:17
createCard, 2023-05-28 19:49:29
readCards, 2023-05-28 19:49:32
getCard, 2023-05-28 19:49:55
readAccounts, 2023-05-28 19:49:59
getAccounts, 2023-05-28 19:50:02
readCustomers, 2023-05-28 19:50:05
getAccounts, 2023-05-28 19:50:08
createAccount, 2023-05-28 19:51:22
readAccounts, 2023-05-28 19:51:27
getAccounts, 2023-05-28 19:51:29
transfer, 2023-05-28 19:51:41
getAccounts, 2023-05-28 19:51:49
transfer, 2023-05-28 19:52:01
deposit, 2023-05-28 19:52:11
getAccounts, 2023-05-28 19:52:14
withdraw, 2023-05-28 19:52:23
getAccounts, 2023-05-28 19:52:27
getCard, 2023-05-28 19:52:39
getBalance, 2023-05-28 19:52:50
getBalance, 2023-05-28 19:52:52
updateCustomer, 2023-05-28 19:53:49
getCustomer, 2023-05-28 19:53:52
updateAccount, 2023-05-28 19:54:33
readAccounts, 2023-05-28 19:54:36
2, 2023-05-28 19:54:36
readAccounts, 2023-05-28 19:54:42
getAccounts, 2023-05-28 19:54:46
deleteAccount, 2023-05-28 19:55:18
readAccounts, 2023-05-28 19:55:22
updateTransaction, 2023-05-28 19:55:51
readTransactions, 2023-05-28 19:56:05
createTransaction, 2023-05-28 19:56:31
readTransactoin, 2023-05-28 19:56:34
readTransactions, 2023-05-28 19:56:37
ad, 2023-05-28 19:57:35
readTransactions, 2023-05-28 19:57:37
updateTransaction, 2023-05-28 19:57:52
readTransactions, 2023-05-28 19:57:57
readTransactions, 2023-05-28 19:58:46
updateTransaction, 2023-05-28 19:59:00
readTransactions, 2023-05-28 19:59:04
updateCard, 2023-05-28 19:59:18
readCards, 2023-05-28 19:59:21
deleteCard, 2023-05-28 19:59:31
readCards, 2023-05-28 19:59:35
readTransactions, 2023-05-28 19:59:39
deleteTransaction, 2023-05-28 19:59:44
readAccounts, 2023-05-28 19:59:47
readCustomers, 2023-05-28 19:59:52
deleteCustomer, 2023-05-28 19:59:57
readCustomers, 2023-05-28 20:00:02
readAccounts, 2023-05-28 20:00:04
createCustomer, 2023-05-28 20:00:13
createCustomer, 2023-05-28 20:00:43
createAccount, 2023-05-28 20:01:12
readAccounts, 2023-05-28 20:01:14
readCustomers, 2023-05-28 20:01:17
getAccounts, 2023-05-28 20:01:23
exit, 2023-05-28 20:01:40
